{"cameraMode":{"drawMode":0,"name":"Shaded","section":"Shading Mode"},"sceneLighting":false,"audioPlay":false,"sceneViewState":{"showFog":true,"showMaterialUpdate":false,"showSkybox":true,"showFlares":true,"showImageEffects":true,"showParticleSystems":true},"in2DMode":false,"pivot":{"x":0.07029569149017334,"y":-1.1008422374725342,"z":0.7618708610534668},"rotation":{"x":-0.2507893443107605,"y":-0.005808208137750626,"z":0.001504757208749652,"w":-0.9680231213569641},"size":2.8578836917877199,"orthographic":false}